﻿<?xml version='1.0' encoding='UTF-8' ?>
<header_vars>
<graphics_color>FFFFFF</graphics_color>
<animation_loop>yes</animation_loop>

<header>
	<text_header_h1 x_pos="30" y_pos="290" size="19" letter_spacing="0" text_color="676363"></text_header_h1>
	<text_header_h2 x_pos="30" y_pos="315" size="26" letter_spacing="8" text_color="676363">Cartão está de Cara Nova !</text_header_h2>
	<image blur="no">images/flashimages/header1.jpg</image>
</header>


<header>
	<text_header_h1 x_pos="200" y_pos="265" size="19" letter_spacing="8" text_color="FFFFFF">Não Use Dinheiro</text_header_h1>
	<text_header_h2 x_pos="200" y_pos="290" size="15" letter_spacing="2.5" text_color="FFFFFF">Em caso de Perda, Você pode Bloquear o Cartão!</text_header_h2>	
	<image blur="no">images/flashimages/header2.jpg</image>
</header>
<header>
	<text_header_h1 x_pos="30" y_pos="290" size="19" letter_spacing="0" text_color="676363"></text_header_h1>
	<text_header_h2 x_pos="30" y_pos="315" size="10" letter_spacing="5" text_color="676363"></text_header_h2>	
	<image blur="no">images/flashimages/header3.jpg</image>
</header>


<music_file loop="yes" music_control="no" play_music="yes">sounds/music.mp3</music_file>
<play_transition_sound_file>yes</play_transition_sound_file>
<display_preload graphic_color="333333">yes</display_preload>
<replay display="yes" x_pos="850" y_pos="325" size="8" letter_spacing="1" bgd_color="FFFFFF" text_color="000000"> REPLAY </replay>
</header_vars>